FileName,Class0,Class1,Class2,Class3,Class4,Class
data8.jpg,1,0,0,0,0,"1,0,0,0,0"
data612.jpg,0,0,0,1,0,"0,0,0,1,0"
data590.jpg,0,0,1,0,0,"0,0,1,0,0"
data478.jpg,0,0,1,0,0,"0,0,1,0,0"
data4.jpg,1,0,0,0,0,"1,0,0,0,0"
data238.jpg,0,1,0,0,0,"0,1,0,0,0"
data635.jpg,0,0,0,1,0,"0,0,0,1,0"
data458.jpg,0,0,1,0,0,"0,0,1,0,0"
data674.jpg,0,0,0,1,0,"0,0,0,1,0"
data558.jpg,0,0,1,0,0,"0,0,1,0,0"
data137.jpg,1,0,0,0,0,"1,0,0,0,0"
data498.jpg,0,0,1,0,0,"0,0,1,0,0"
data370.jpg,0,1,0,0,0,"0,1,0,0,0"
data773.jpg,0,0,0,0,1,"0,0,0,0,1"
data274.jpg,0,1,0,0,0,"0,1,0,0,0"
data760.jpg,0,0,0,0,1,"0,0,0,0,1"
data246.jpg,0,1,0,0,0,"0,1,0,0,0"
data247.jpg,0,1,0,0,0,"0,1,0,0,0"
data490.jpg,0,0,1,0,0,"0,0,1,0,0"
data249.jpg,0,1,0,0,0,"0,1,0,0,0"
data304.jpg,0,1,0,0,0,"0,1,0,0,0"
data383.jpg,0,1,0,0,0,"0,1,0,0,0"
data194.jpg,1,0,0,0,0,"1,0,0,0,0"
data267.jpg,0,1,0,0,0,"0,1,0,0,0"
data286.jpg,0,1,0,0,0,"0,1,0,0,0"
data164.jpg,1,0,0,0,0,"1,0,0,0,0"
data139.jpg,1,0,0,0,0,"1,0,0,0,0"
data493.jpg,0,0,1,0,0,"0,0,1,0,0"
data394.jpg,0,1,0,0,0,"0,1,0,0,0"
data432.jpg,0,0,1,0,0,"0,0,1,0,0"
data705.jpg,0,0,0,0,1,"0,0,0,0,1"
data100.jpg,1,0,0,0,0,"1,0,0,0,0"
data625.jpg,0,0,0,1,0,"0,0,0,1,0"
data36.jpg,1,0,0,0,0,"1,0,0,0,0"
data431.jpg,0,0,1,0,0,"0,0,1,0,0"
data646.jpg,0,0,0,1,0,"0,0,0,1,0"
data76.jpg,1,0,0,0,0,"1,0,0,0,0"
data115.jpg,1,0,0,0,0,"1,0,0,0,0"
data73.jpg,1,0,0,0,0,"1,0,0,0,0"
data124.jpg,1,0,0,0,0,"1,0,0,0,0"
data742.jpg,0,0,0,0,1,"0,0,0,0,1"
data626.jpg,0,0,0,1,0,"0,0,0,1,0"
data618.jpg,0,0,0,1,0,"0,0,0,1,0"
data191.jpg,1,0,0,0,0,"1,0,0,0,0"
data749.jpg,0,0,0,0,1,"0,0,0,0,1"
data253.jpg,0,1,0,0,0,"0,1,0,0,0"
data289.jpg,0,1,0,0,0,"0,1,0,0,0"
data715.jpg,0,0,0,0,1,"0,0,0,0,1"
data439.jpg,0,0,1,0,0,"0,0,1,0,0"
data294.jpg,0,1,0,0,0,"0,1,0,0,0"
data643.jpg,0,0,0,1,0,"0,0,0,1,0"
data346.jpg,0,1,0,0,0,"0,1,0,0,0"
data628.jpg,0,0,0,1,0,"0,0,0,1,0"
data360.jpg,0,1,0,0,0,"0,1,0,0,0"
data782.jpg,0,0,0,0,1,"0,0,0,0,1"
data586.jpg,0,0,1,0,0,"0,0,1,0,0"
data655.jpg,0,0,0,1,0,"0,0,0,1,0"
data213.jpg,0,1,0,0,0,"0,1,0,0,0"
data576.jpg,0,0,1,0,0,"0,0,1,0,0"
data567.jpg,0,0,1,0,0,"0,0,1,0,0"
data153.jpg,1,0,0,0,0,"1,0,0,0,0"
data352.jpg,0,1,0,0,0,"0,1,0,0,0"
data283.jpg,0,1,0,0,0,"0,1,0,0,0"
data42.jpg,1,0,0,0,0,"1,0,0,0,0"
data611.jpg,0,0,0,1,0,"0,0,0,1,0"
data239.jpg,0,1,0,0,0,"0,1,0,0,0"
data337.jpg,0,1,0,0,0,"0,1,0,0,0"
data740.jpg,0,0,0,0,1,"0,0,0,0,1"
data652.jpg,0,0,0,1,0,"0,0,0,1,0"
data411.jpg,0,0,1,0,0,"0,0,1,0,0"
data65.jpg,1,0,0,0,0,"1,0,0,0,0"
data366.jpg,0,1,0,0,0,"0,1,0,0,0"
data753.jpg,0,0,0,0,1,"0,0,0,0,1"
data319.jpg,0,1,0,0,0,"0,1,0,0,0"
data647.jpg,0,0,0,1,0,"0,0,0,1,0"
data248.jpg,0,1,0,0,0,"0,1,0,0,0"
data424.jpg,0,0,1,0,0,"0,0,1,0,0"
data180.jpg,1,0,0,0,0,"1,0,0,0,0"
data629.jpg,0,0,0,1,0,"0,0,0,1,0"
data307.jpg,0,1,0,0,0,"0,1,0,0,0"
data555.jpg,0,0,1,0,0,"0,0,1,0,0"
data265.jpg,0,1,0,0,0,"0,1,0,0,0"
data524.jpg,0,0,1,0,0,"0,0,1,0,0"
data22.jpg,1,0,0,0,0,"1,0,0,0,0"
data43.jpg,1,0,0,0,0,"1,0,0,0,0"
data269.jpg,0,1,0,0,0,"0,1,0,0,0"
data403.jpg,0,0,1,0,0,"0,0,1,0,0"
data640.jpg,0,0,0,1,0,"0,0,0,1,0"
data423.jpg,0,0,1,0,0,"0,0,1,0,0"
data548.jpg,0,0,1,0,0,"0,0,1,0,0"
data245.jpg,0,1,0,0,0,"0,1,0,0,0"
data731.jpg,0,0,0,0,1,"0,0,0,0,1"
data578.jpg,0,0,1,0,0,"0,0,1,0,0"
data579.jpg,0,0,1,0,0,"0,0,1,0,0"
data125.jpg,1,0,0,0,0,"1,0,0,0,0"
data231.jpg,0,1,0,0,0,"0,1,0,0,0"
data449.jpg,0,0,1,0,0,"0,0,1,0,0"
data664.jpg,0,0,0,1,0,"0,0,0,1,0"
data58.jpg,1,0,0,0,0,"1,0,0,0,0"
data791.jpg,0,0,0,0,1,"0,0,0,0,1"
data657.jpg,0,0,0,1,0,"0,0,0,1,0"
data33.jpg,1,0,0,0,0,"1,0,0,0,0"
data3.jpg,1,0,0,0,0,"1,0,0,0,0"
data732.jpg,0,0,0,0,1,"0,0,0,0,1"
data729.jpg,0,0,0,0,1,"0,0,0,0,1"
data720.jpg,0,0,0,0,1,"0,0,0,0,1"
data195.jpg,1,0,0,0,0,"1,0,0,0,0"
data491.jpg,0,0,1,0,0,"0,0,1,0,0"
data233.jpg,0,1,0,0,0,"0,1,0,0,0"
data147.jpg,1,0,0,0,0,"1,0,0,0,0"
data268.jpg,0,1,0,0,0,"0,1,0,0,0"
data422.jpg,0,0,1,0,0,"0,0,1,0,0"
data386.jpg,0,1,0,0,0,"0,1,0,0,0"
data746.jpg,0,0,0,0,1,"0,0,0,0,1"
data144.jpg,1,0,0,0,0,"1,0,0,0,0"
data287.jpg,0,1,0,0,0,"0,1,0,0,0"
data339.jpg,0,1,0,0,0,"0,1,0,0,0"
data800.jpg,0,0,0,0,1,"0,0,0,0,1"
data154.jpg,1,0,0,0,0,"1,0,0,0,0"
data203.jpg,0,1,0,0,0,"0,1,0,0,0"
data187.jpg,1,0,0,0,0,"1,0,0,0,0"
data205.jpg,0,1,0,0,0,"0,1,0,0,0"
data587.jpg,0,0,1,0,0,"0,0,1,0,0"
data214.jpg,0,1,0,0,0,"0,1,0,0,0"
data400.jpg,0,1,0,0,0,"0,1,0,0,0"
data443.jpg,0,0,1,0,0,"0,0,1,0,0"
data34.jpg,1,0,0,0,0,"1,0,0,0,0"
data172.jpg,1,0,0,0,0,"1,0,0,0,0"
data262.jpg,0,1,0,0,0,"0,1,0,0,0"
data168.jpg,1,0,0,0,0,"1,0,0,0,0"
data726.jpg,0,0,0,0,1,"0,0,0,0,1"
data641.jpg,0,0,0,1,0,"0,0,0,1,0"
data148.jpg,1,0,0,0,0,"1,0,0,0,0"
data479.jpg,0,0,1,0,0,"0,0,1,0,0"
data653.jpg,0,0,0,1,0,"0,0,0,1,0"
data693.jpg,0,0,0,1,0,"0,0,0,1,0"
data117.jpg,1,0,0,0,0,"1,0,0,0,0"
data393.jpg,0,1,0,0,0,"0,1,0,0,0"
data282.jpg,0,1,0,0,0,"0,1,0,0,0"
data428.jpg,0,0,1,0,0,"0,0,1,0,0"
data502.jpg,0,0,1,0,0,"0,0,1,0,0"
data447.jpg,0,0,1,0,0,"0,0,1,0,0"
data665.jpg,0,0,0,1,0,"0,0,0,1,0"
data358.jpg,0,1,0,0,0,"0,1,0,0,0"
data60.jpg,1,0,0,0,0,"1,0,0,0,0"
data327.jpg,0,1,0,0,0,"0,1,0,0,0"
data407.jpg,0,0,1,0,0,"0,0,1,0,0"
data562.jpg,0,0,1,0,0,"0,0,1,0,0"
data119.jpg,1,0,0,0,0,"1,0,0,0,0"
data332.jpg,0,1,0,0,0,"0,1,0,0,0"
data774.jpg,0,0,0,0,1,"0,0,0,0,1"
data796.jpg,0,0,0,0,1,"0,0,0,0,1"
data221.jpg,0,1,0,0,0,"0,1,0,0,0"
data678.jpg,0,0,0,1,0,"0,0,0,1,0"
data453.jpg,0,0,1,0,0,"0,0,1,0,0"
data666.jpg,0,0,0,1,0,"0,0,0,1,0"
data145.jpg,1,0,0,0,0,"1,0,0,0,0"
data369.jpg,0,1,0,0,0,"0,1,0,0,0"
data544.jpg,0,0,1,0,0,"0,0,1,0,0"
data356.jpg,0,1,0,0,0,"0,1,0,0,0"
data700.jpg,0,0,0,1,0,"0,0,0,1,0"
data777.jpg,0,0,0,0,1,"0,0,0,0,1"
data134.jpg,1,0,0,0,0,"1,0,0,0,0"
data70.jpg,1,0,0,0,0,"1,0,0,0,0"
data126.jpg,1,0,0,0,0,"1,0,0,0,0"
data589.jpg,0,0,1,0,0,"0,0,1,0,0"
data592.jpg,0,0,1,0,0,"0,0,1,0,0"
data585.jpg,0,0,1,0,0,"0,0,1,0,0"
data620.jpg,0,0,0,1,0,"0,0,0,1,0"
data489.jpg,0,0,1,0,0,"0,0,1,0,0"
data181.jpg,1,0,0,0,0,"1,0,0,0,0"
data31.jpg,1,0,0,0,0,"1,0,0,0,0"
data756.jpg,0,0,0,0,1,"0,0,0,0,1"
data795.jpg,0,0,0,0,1,"0,0,0,0,1"
data572.jpg,0,0,1,0,0,"0,0,1,0,0"
data609.jpg,0,0,0,1,0,"0,0,0,1,0"
data141.jpg,1,0,0,0,0,"1,0,0,0,0"
data507.jpg,0,0,1,0,0,"0,0,1,0,0"
data617.jpg,0,0,0,1,0,"0,0,0,1,0"
data84.jpg,1,0,0,0,0,"1,0,0,0,0"
data263.jpg,0,1,0,0,0,"0,1,0,0,0"
data482.jpg,0,0,1,0,0,"0,0,1,0,0"
data632.jpg,0,0,0,1,0,"0,0,0,1,0"
data757.jpg,0,0,0,0,1,"0,0,0,0,1"
data380.jpg,0,1,0,0,0,"0,1,0,0,0"
data364.jpg,0,1,0,0,0,"0,1,0,0,0"
data448.jpg,0,0,1,0,0,"0,0,1,0,0"
data14.jpg,1,0,0,0,0,"1,0,0,0,0"
data503.jpg,0,0,1,0,0,"0,0,1,0,0"
data741.jpg,0,0,0,0,1,"0,0,0,0,1"
data92.jpg,1,0,0,0,0,"1,0,0,0,0"
data516.jpg,0,0,1,0,0,"0,0,1,0,0"
data299.jpg,0,1,0,0,0,"0,1,0,0,0"
data533.jpg,0,0,1,0,0,"0,0,1,0,0"
data607.jpg,0,0,0,1,0,"0,0,0,1,0"
data772.jpg,0,0,0,0,1,"0,0,0,0,1"
data98.jpg,1,0,0,0,0,"1,0,0,0,0"
data10.jpg,1,0,0,0,0,"1,0,0,0,0"
data379.jpg,0,1,0,0,0,"0,1,0,0,0"
data275.jpg,0,1,0,0,0,"0,1,0,0,0"
data101.jpg,1,0,0,0,0,"1,0,0,0,0"
data375.jpg,0,1,0,0,0,"0,1,0,0,0"
data724.jpg,0,0,0,0,1,"0,0,0,0,1"
data492.jpg,0,0,1,0,0,"0,0,1,0,0"
data188.jpg,1,0,0,0,0,"1,0,0,0,0"
data251.jpg,0,1,0,0,0,"0,1,0,0,0"
data71.jpg,1,0,0,0,0,"1,0,0,0,0"
data570.jpg,0,0,1,0,0,"0,0,1,0,0"
data105.jpg,1,0,0,0,0,"1,0,0,0,0"
data747.jpg,0,0,0,0,1,"0,0,0,0,1"
data26.jpg,1,0,0,0,0,"1,0,0,0,0"
data433.jpg,0,0,1,0,0,"0,0,1,0,0"
data598.jpg,0,0,1,0,0,"0,0,1,0,0"
data179.jpg,1,0,0,0,0,"1,0,0,0,0"
data735.jpg,0,0,0,0,1,"0,0,0,0,1"
data494.jpg,0,0,1,0,0,"0,0,1,0,0"
data595.jpg,0,0,1,0,0,"0,0,1,0,0"
data277.jpg,0,1,0,0,0,"0,1,0,0,0"
data381.jpg,0,1,0,0,0,"0,1,0,0,0"
data786.jpg,0,0,0,0,1,"0,0,0,0,1"
data532.jpg,0,0,1,0,0,"0,0,1,0,0"
data457.jpg,0,0,1,0,0,"0,0,1,0,0"
data442.jpg,0,0,1,0,0,"0,0,1,0,0"
data130.jpg,1,0,0,0,0,"1,0,0,0,0"
data310.jpg,0,1,0,0,0,"0,1,0,0,0"
data761.jpg,0,0,0,0,1,"0,0,0,0,1"
data276.jpg,0,1,0,0,0,"0,1,0,0,0"
data627.jpg,0,0,0,1,0,"0,0,0,1,0"
data106.jpg,1,0,0,0,0,"1,0,0,0,0"
data207.jpg,0,1,0,0,0,"0,1,0,0,0"
data508.jpg,0,0,1,0,0,"0,0,1,0,0"
data302.jpg,0,1,0,0,0,"0,1,0,0,0"
data797.jpg,0,0,0,0,1,"0,0,0,0,1"
data198.jpg,1,0,0,0,0,"1,0,0,0,0"
data541.jpg,0,0,1,0,0,"0,0,1,0,0"
data12.jpg,1,0,0,0,0,"1,0,0,0,0"
data398.jpg,0,1,0,0,0,"0,1,0,0,0"
data211.jpg,0,1,0,0,0,"0,1,0,0,0"
data672.jpg,0,0,0,1,0,"0,0,0,1,0"
data468.jpg,0,0,1,0,0,"0,0,1,0,0"
data1.jpg,1,0,0,0,0,"1,0,0,0,0"
data271.jpg,0,1,0,0,0,"0,1,0,0,0"
data293.jpg,0,1,0,0,0,"0,1,0,0,0"
data780.jpg,0,0,0,0,1,"0,0,0,0,1"
data577.jpg,0,0,1,0,0,"0,0,1,0,0"
data792.jpg,0,0,0,0,1,"0,0,0,0,1"
data538.jpg,0,0,1,0,0,"0,0,1,0,0"
data542.jpg,0,0,1,0,0,"0,0,1,0,0"
data600.jpg,0,0,1,0,0,"0,0,1,0,0"
data401.jpg,0,0,1,0,0,"0,0,1,0,0"
data593.jpg,0,0,1,0,0,"0,0,1,0,0"
data166.jpg,1,0,0,0,0,"1,0,0,0,0"
data83.jpg,1,0,0,0,0,"1,0,0,0,0"
data51.jpg,1,0,0,0,0,"1,0,0,0,0"
data686.jpg,0,0,0,1,0,"0,0,0,1,0"
data521.jpg,0,0,1,0,0,"0,0,1,0,0"
data97.jpg,1,0,0,0,0,"1,0,0,0,0"
data90.jpg,1,0,0,0,0,"1,0,0,0,0"
data396.jpg,0,1,0,0,0,"0,1,0,0,0"
data790.jpg,0,0,0,0,1,"0,0,0,0,1"
data725.jpg,0,0,0,0,1,"0,0,0,0,1"
data385.jpg,0,1,0,0,0,"0,1,0,0,0"
data716.jpg,0,0,0,0,1,"0,0,0,0,1"
data670.jpg,0,0,0,1,0,"0,0,0,1,0"
data368.jpg,0,1,0,0,0,"0,1,0,0,0"
data322.jpg,0,1,0,0,0,"0,1,0,0,0"
data582.jpg,0,0,1,0,0,"0,0,1,0,0"
data517.jpg,0,0,1,0,0,"0,0,1,0,0"
data53.jpg,1,0,0,0,0,"1,0,0,0,0"
data171.jpg,1,0,0,0,0,"1,0,0,0,0"
data301.jpg,0,1,0,0,0,"0,1,0,0,0"
data743.jpg,0,0,0,0,1,"0,0,0,0,1"
data698.jpg,0,0,0,1,0,"0,0,0,1,0"
data425.jpg,0,0,1,0,0,"0,0,1,0,0"
data695.jpg,0,0,0,1,0,"0,0,0,1,0"
data486.jpg,0,0,1,0,0,"0,0,1,0,0"
data350.jpg,0,1,0,0,0,"0,1,0,0,0"
data121.jpg,1,0,0,0,0,"1,0,0,0,0"
data597.jpg,0,0,1,0,0,"0,0,1,0,0"
data667.jpg,0,0,0,1,0,"0,0,0,1,0"
data512.jpg,0,0,1,0,0,"0,0,1,0,0"
data305.jpg,0,1,0,0,0,"0,1,0,0,0"
data798.jpg,0,0,0,0,1,"0,0,0,0,1"
data748.jpg,0,0,0,0,1,"0,0,0,0,1"
data39.jpg,1,0,0,0,0,"1,0,0,0,0"
data571.jpg,0,0,1,0,0,"0,0,1,0,0"
data170.jpg,1,0,0,0,0,"1,0,0,0,0"
data410.jpg,0,0,1,0,0,"0,0,1,0,0"
data80.jpg,1,0,0,0,0,"1,0,0,0,0"
data320.jpg,0,1,0,0,0,"0,1,0,0,0"
data395.jpg,0,1,0,0,0,"0,1,0,0,0"
data413.jpg,0,0,1,0,0,"0,0,1,0,0"
data497.jpg,0,0,1,0,0,"0,0,1,0,0"
data252.jpg,0,1,0,0,0,"0,1,0,0,0"
data391.jpg,0,1,0,0,0,"0,1,0,0,0"
data446.jpg,0,0,1,0,0,"0,0,1,0,0"
data165.jpg,1,0,0,0,0,"1,0,0,0,0"
data495.jpg,0,0,1,0,0,"0,0,1,0,0"
data323.jpg,0,1,0,0,0,"0,1,0,0,0"
data462.jpg,0,0,1,0,0,"0,0,1,0,0"
data32.jpg,1,0,0,0,0,"1,0,0,0,0"
data285.jpg,0,1,0,0,0,"0,1,0,0,0"
data694.jpg,0,0,0,1,0,"0,0,0,1,0"
data278.jpg,0,1,0,0,0,"0,1,0,0,0"
data461.jpg,0,0,1,0,0,"0,0,1,0,0"
data296.jpg,0,1,0,0,0,"0,1,0,0,0"
data739.jpg,0,0,0,0,1,"0,0,0,0,1"
data436.jpg,0,0,1,0,0,"0,0,1,0,0"
data605.jpg,0,0,0,1,0,"0,0,0,1,0"
data699.jpg,0,0,0,1,0,"0,0,0,1,0"
data688.jpg,0,0,0,1,0,"0,0,0,1,0"
data638.jpg,0,0,0,1,0,"0,0,0,1,0"
data257.jpg,0,1,0,0,0,"0,1,0,0,0"
data668.jpg,0,0,0,1,0,"0,0,0,1,0"
data556.jpg,0,0,1,0,0,"0,0,1,0,0"
data452.jpg,0,0,1,0,0,"0,0,1,0,0"
data669.jpg,0,0,0,1,0,"0,0,0,1,0"
data727.jpg,0,0,0,0,1,"0,0,0,0,1"
data110.jpg,1,0,0,0,0,"1,0,0,0,0"
data718.jpg,0,0,0,0,1,"0,0,0,0,1"
data341.jpg,0,1,0,0,0,"0,1,0,0,0"
data610.jpg,0,0,0,1,0,"0,0,0,1,0"
data778.jpg,0,0,0,0,1,"0,0,0,0,1"
data297.jpg,0,1,0,0,0,"0,1,0,0,0"
data162.jpg,1,0,0,0,0,"1,0,0,0,0"
data104.jpg,1,0,0,0,0,"1,0,0,0,0"
data547.jpg,0,0,1,0,0,"0,0,1,0,0"
data602.jpg,0,0,0,1,0,"0,0,0,1,0"
data18.jpg,1,0,0,0,0,"1,0,0,0,0"
data103.jpg,1,0,0,0,0,"1,0,0,0,0"
data367.jpg,0,1,0,0,0,"0,1,0,0,0"
data575.jpg,0,0,1,0,0,"0,0,1,0,0"
data719.jpg,0,0,0,0,1,"0,0,0,0,1"
data733.jpg,0,0,0,0,1,"0,0,0,0,1"
data463.jpg,0,0,1,0,0,"0,0,1,0,0"
data250.jpg,0,1,0,0,0,"0,1,0,0,0"
data333.jpg,0,1,0,0,0,"0,1,0,0,0"
data523.jpg,0,0,1,0,0,"0,0,1,0,0"
data421.jpg,0,0,1,0,0,"0,0,1,0,0"
data81.jpg,1,0,0,0,0,"1,0,0,0,0"
data156.jpg,1,0,0,0,0,"1,0,0,0,0"
data459.jpg,0,0,1,0,0,"0,0,1,0,0"
data241.jpg,0,1,0,0,0,"0,1,0,0,0"
data52.jpg,1,0,0,0,0,"1,0,0,0,0"
data135.jpg,1,0,0,0,0,"1,0,0,0,0"
data200.jpg,1,0,0,0,0,"1,0,0,0,0"
data228.jpg,0,1,0,0,0,"0,1,0,0,0"
data630.jpg,0,0,0,1,0,"0,0,0,1,0"
data661.jpg,0,0,0,1,0,"0,0,0,1,0"
data543.jpg,0,0,1,0,0,"0,0,1,0,0"
data530.jpg,0,0,1,0,0,"0,0,1,0,0"
data281.jpg,0,1,0,0,0,"0,1,0,0,0"
data412.jpg,0,0,1,0,0,"0,0,1,0,0"
data697.jpg,0,0,0,1,0,"0,0,0,1,0"
data783.jpg,0,0,0,0,1,"0,0,0,0,1"
data309.jpg,0,1,0,0,0,"0,1,0,0,0"
data500.jpg,0,0,1,0,0,"0,0,1,0,0"
data190.jpg,1,0,0,0,0,"1,0,0,0,0"
data573.jpg,0,0,1,0,0,"0,0,1,0,0"
data163.jpg,1,0,0,0,0,"1,0,0,0,0"
data353.jpg,0,1,0,0,0,"0,1,0,0,0"
data406.jpg,0,0,1,0,0,"0,0,1,0,0"
data279.jpg,0,1,0,0,0,"0,1,0,0,0"
data54.jpg,1,0,0,0,0,"1,0,0,0,0"
data102.jpg,1,0,0,0,0,"1,0,0,0,0"
data581.jpg,0,0,1,0,0,"0,0,1,0,0"
data763.jpg,0,0,0,0,1,"0,0,0,0,1"
data690.jpg,0,0,0,1,0,"0,0,0,1,0"
data659.jpg,0,0,0,1,0,"0,0,0,1,0"
data475.jpg,0,0,1,0,0,"0,0,1,0,0"
data451.jpg,0,0,1,0,0,"0,0,1,0,0"
data93.jpg,1,0,0,0,0,"1,0,0,0,0"
data225.jpg,0,1,0,0,0,"0,1,0,0,0"
data315.jpg,0,1,0,0,0,"0,1,0,0,0"
data316.jpg,0,1,0,0,0,"0,1,0,0,0"
data131.jpg,1,0,0,0,0,"1,0,0,0,0"
data197.jpg,1,0,0,0,0,"1,0,0,0,0"
data313.jpg,0,1,0,0,0,"0,1,0,0,0"
data161.jpg,1,0,0,0,0,"1,0,0,0,0"
data199.jpg,1,0,0,0,0,"1,0,0,0,0"
data553.jpg,0,0,1,0,0,"0,0,1,0,0"
data328.jpg,0,1,0,0,0,"0,1,0,0,0"
data120.jpg,1,0,0,0,0,"1,0,0,0,0"
data525.jpg,0,0,1,0,0,"0,0,1,0,0"
data306.jpg,0,1,0,0,0,"0,1,0,0,0"
data703.jpg,0,0,0,0,1,"0,0,0,0,1"
data764.jpg,0,0,0,0,1,"0,0,0,0,1"
data738.jpg,0,0,0,0,1,"0,0,0,0,1"
data127.jpg,1,0,0,0,0,"1,0,0,0,0"
data240.jpg,0,1,0,0,0,"0,1,0,0,0"
data298.jpg,0,1,0,0,0,"0,1,0,0,0"
data591.jpg,0,0,1,0,0,"0,0,1,0,0"
data292.jpg,0,1,0,0,0,"0,1,0,0,0"
data704.jpg,0,0,0,0,1,"0,0,0,0,1"
data237.jpg,0,1,0,0,0,"0,1,0,0,0"
data434.jpg,0,0,1,0,0,"0,0,1,0,0"
data151.jpg,1,0,0,0,0,"1,0,0,0,0"
data176.jpg,1,0,0,0,0,"1,0,0,0,0"
data150.jpg,1,0,0,0,0,"1,0,0,0,0"
data7.jpg,1,0,0,0,0,"1,0,0,0,0"
data588.jpg,0,0,1,0,0,"0,0,1,0,0"
data563.jpg,0,0,1,0,0,"0,0,1,0,0"
data736.jpg,0,0,0,0,1,"0,0,0,0,1"
data639.jpg,0,0,0,1,0,"0,0,0,1,0"
data132.jpg,1,0,0,0,0,"1,0,0,0,0"
data671.jpg,0,0,0,1,0,"0,0,0,1,0"
data559.jpg,0,0,1,0,0,"0,0,1,0,0"
data785.jpg,0,0,0,0,1,"0,0,0,0,1"
data728.jpg,0,0,0,0,1,"0,0,0,0,1"
data679.jpg,0,0,0,1,0,"0,0,0,1,0"
data515.jpg,0,0,1,0,0,"0,0,1,0,0"
data616.jpg,0,0,0,1,0,"0,0,0,1,0"
data152.jpg,1,0,0,0,0,"1,0,0,0,0"
data142.jpg,1,0,0,0,0,"1,0,0,0,0"
data755.jpg,0,0,0,0,1,"0,0,0,0,1"
data56.jpg,1,0,0,0,0,"1,0,0,0,0"
data308.jpg,0,1,0,0,0,"0,1,0,0,0"
data580.jpg,0,0,1,0,0,"0,0,1,0,0"
data186.jpg,1,0,0,0,0,"1,0,0,0,0"
data264.jpg,0,1,0,0,0,"0,1,0,0,0"
data499.jpg,0,0,1,0,0,"0,0,1,0,0"
data220.jpg,0,1,0,0,0,"0,1,0,0,0"
data50.jpg,1,0,0,0,0,"1,0,0,0,0"
data397.jpg,0,1,0,0,0,"0,1,0,0,0"
data685.jpg,0,0,0,1,0,"0,0,0,1,0"
data244.jpg,0,1,0,0,0,"0,1,0,0,0"
data185.jpg,1,0,0,0,0,"1,0,0,0,0"
data183.jpg,1,0,0,0,0,"1,0,0,0,0"
data184.jpg,1,0,0,0,0,"1,0,0,0,0"
data552.jpg,0,0,1,0,0,"0,0,1,0,0"
data295.jpg,0,1,0,0,0,"0,1,0,0,0"
data63.jpg,1,0,0,0,0,"1,0,0,0,0"
data472.jpg,0,0,1,0,0,"0,0,1,0,0"
data483.jpg,0,0,1,0,0,"0,0,1,0,0"
data140.jpg,1,0,0,0,0,"1,0,0,0,0"
data771.jpg,0,0,0,0,1,"0,0,0,0,1"
data331.jpg,0,1,0,0,0,"0,1,0,0,0"
data677.jpg,0,0,0,1,0,"0,0,0,1,0"
data531.jpg,0,0,1,0,0,"0,0,1,0,0"
data128.jpg,1,0,0,0,0,"1,0,0,0,0"
data518.jpg,0,0,1,0,0,"0,0,1,0,0"
data59.jpg,1,0,0,0,0,"1,0,0,0,0"
data596.jpg,0,0,1,0,0,"0,0,1,0,0"
data466.jpg,0,0,1,0,0,"0,0,1,0,0"
data744.jpg,0,0,0,0,1,"0,0,0,0,1"
data519.jpg,0,0,1,0,0,"0,0,1,0,0"
data619.jpg,0,0,0,1,0,"0,0,0,1,0"
data770.jpg,0,0,0,0,1,"0,0,0,0,1"
data471.jpg,0,0,1,0,0,"0,0,1,0,0"
data584.jpg,0,0,1,0,0,"0,0,1,0,0"
data730.jpg,0,0,0,0,1,"0,0,0,0,1"
data201.jpg,0,1,0,0,0,"0,1,0,0,0"
data349.jpg,0,1,0,0,0,"0,1,0,0,0"
data273.jpg,0,1,0,0,0,"0,1,0,0,0"
data682.jpg,0,0,0,1,0,"0,0,0,1,0"
data376.jpg,0,1,0,0,0,"0,1,0,0,0"
data303.jpg,0,1,0,0,0,"0,1,0,0,0"
data69.jpg,1,0,0,0,0,"1,0,0,0,0"
data242.jpg,0,1,0,0,0,"0,1,0,0,0"
data108.jpg,1,0,0,0,0,"1,0,0,0,0"
data311.jpg,0,1,0,0,0,"0,1,0,0,0"
data347.jpg,0,1,0,0,0,"0,1,0,0,0"
data256.jpg,0,1,0,0,0,"0,1,0,0,0"
data218.jpg,0,1,0,0,0,"0,1,0,0,0"
data437.jpg,0,0,1,0,0,"0,0,1,0,0"
data6.jpg,1,0,0,0,0,"1,0,0,0,0"
data390.jpg,0,1,0,0,0,"0,1,0,0,0"
data324.jpg,0,1,0,0,0,"0,1,0,0,0"
data138.jpg,1,0,0,0,0,"1,0,0,0,0"
data363.jpg,0,1,0,0,0,"0,1,0,0,0"
data455.jpg,0,0,1,0,0,"0,0,1,0,0"
data649.jpg,0,0,0,1,0,"0,0,0,1,0"
data392.jpg,0,1,0,0,0,"0,1,0,0,0"
data419.jpg,0,0,1,0,0,"0,0,1,0,0"
data79.jpg,1,0,0,0,0,"1,0,0,0,0"
data788.jpg,0,0,0,0,1,"0,0,0,0,1"
data565.jpg,0,0,1,0,0,"0,0,1,0,0"
data371.jpg,0,1,0,0,0,"0,1,0,0,0"
data435.jpg,0,0,1,0,0,"0,0,1,0,0"
data291.jpg,0,1,0,0,0,"0,1,0,0,0"
data389.jpg,0,1,0,0,0,"0,1,0,0,0"
data752.jpg,0,0,0,0,1,"0,0,0,0,1"
data426.jpg,0,0,1,0,0,"0,0,1,0,0"
data599.jpg,0,0,1,0,0,"0,0,1,0,0"
data75.jpg,1,0,0,0,0,"1,0,0,0,0"
data687.jpg,0,0,0,1,0,"0,0,0,1,0"
data19.jpg,1,0,0,0,0,"1,0,0,0,0"
data680.jpg,0,0,0,1,0,"0,0,0,1,0"
data158.jpg,1,0,0,0,0,"1,0,0,0,0"
data409.jpg,0,0,1,0,0,"0,0,1,0,0"
data485.jpg,0,0,1,0,0,"0,0,1,0,0"
data38.jpg,1,0,0,0,0,"1,0,0,0,0"
data157.jpg,1,0,0,0,0,"1,0,0,0,0"
data481.jpg,0,0,1,0,0,"0,0,1,0,0"
data66.jpg,1,0,0,0,0,"1,0,0,0,0"
data505.jpg,0,0,1,0,0,"0,0,1,0,0"
data384.jpg,0,1,0,0,0,"0,1,0,0,0"
data340.jpg,0,1,0,0,0,"0,1,0,0,0"
data314.jpg,0,1,0,0,0,"0,1,0,0,0"
data784.jpg,0,0,0,0,1,"0,0,0,0,1"
data723.jpg,0,0,0,0,1,"0,0,0,0,1"
data336.jpg,0,1,0,0,0,"0,1,0,0,0"
data112.jpg,1,0,0,0,0,"1,0,0,0,0"
data95.jpg,1,0,0,0,0,"1,0,0,0,0"
data527.jpg,0,0,1,0,0,"0,0,1,0,0"
data513.jpg,0,0,1,0,0,"0,0,1,0,0"
data708.jpg,0,0,0,0,1,"0,0,0,0,1"
data175.jpg,1,0,0,0,0,"1,0,0,0,0"
data658.jpg,0,0,0,1,0,"0,0,0,1,0"
data234.jpg,0,1,0,0,0,"0,1,0,0,0"
data321.jpg,0,1,0,0,0,"0,1,0,0,0"
data601.jpg,0,0,0,1,0,"0,0,0,1,0"
data232.jpg,0,1,0,0,0,"0,1,0,0,0"
data765.jpg,0,0,0,0,1,"0,0,0,0,1"
data44.jpg,1,0,0,0,0,"1,0,0,0,0"
data177.jpg,1,0,0,0,0,"1,0,0,0,0"
data465.jpg,0,0,1,0,0,"0,0,1,0,0"
data72.jpg,1,0,0,0,0,"1,0,0,0,0"
data258.jpg,0,1,0,0,0,"0,1,0,0,0"
data464.jpg,0,0,1,0,0,"0,0,1,0,0"
data404.jpg,0,0,1,0,0,"0,0,1,0,0"
data504.jpg,0,0,1,0,0,"0,0,1,0,0"
data62.jpg,1,0,0,0,0,"1,0,0,0,0"
data91.jpg,1,0,0,0,0,"1,0,0,0,0"
data654.jpg,0,0,0,1,0,"0,0,0,1,0"
data477.jpg,0,0,1,0,0,"0,0,1,0,0"
data709.jpg,0,0,0,0,1,"0,0,0,0,1"
data55.jpg,1,0,0,0,0,"1,0,0,0,0"
data133.jpg,1,0,0,0,0,"1,0,0,0,0"
data223.jpg,0,1,0,0,0,"0,1,0,0,0"
data583.jpg,0,0,1,0,0,"0,0,1,0,0"
data48.jpg,1,0,0,0,0,"1,0,0,0,0"
data613.jpg,0,0,0,1,0,"0,0,0,1,0"
data415.jpg,0,0,1,0,0,"0,0,1,0,0"
data210.jpg,0,1,0,0,0,"0,1,0,0,0"
data762.jpg,0,0,0,0,1,"0,0,0,0,1"
data284.jpg,0,1,0,0,0,"0,1,0,0,0"
data681.jpg,0,0,0,1,0,"0,0,0,1,0"
data86.jpg,1,0,0,0,0,"1,0,0,0,0"
data37.jpg,1,0,0,0,0,"1,0,0,0,0"
data136.jpg,1,0,0,0,0,"1,0,0,0,0"
data208.jpg,0,1,0,0,0,"0,1,0,0,0"
data484.jpg,0,0,1,0,0,"0,0,1,0,0"
data219.jpg,0,1,0,0,0,"0,1,0,0,0"
data702.jpg,0,0,0,0,1,"0,0,0,0,1"
data660.jpg,0,0,0,1,0,"0,0,0,1,0"
data560.jpg,0,0,1,0,0,"0,0,1,0,0"
data701.jpg,0,0,0,0,1,"0,0,0,0,1"
data254.jpg,0,1,0,0,0,"0,1,0,0,0"
data111.jpg,1,0,0,0,0,"1,0,0,0,0"
data122.jpg,1,0,0,0,0,"1,0,0,0,0"
data689.jpg,0,0,0,1,0,"0,0,0,1,0"
data604.jpg,0,0,0,1,0,"0,0,0,1,0"
data467.jpg,0,0,1,0,0,"0,0,1,0,0"
data737.jpg,0,0,0,0,1,"0,0,0,0,1"
data266.jpg,0,1,0,0,0,"0,1,0,0,0"
data236.jpg,0,1,0,0,0,"0,1,0,0,0"
data28.jpg,1,0,0,0,0,"1,0,0,0,0"
data456.jpg,0,0,1,0,0,"0,0,1,0,0"
data21.jpg,1,0,0,0,0,"1,0,0,0,0"
data243.jpg,0,1,0,0,0,"0,1,0,0,0"
data67.jpg,1,0,0,0,0,"1,0,0,0,0"
data769.jpg,0,0,0,0,1,"0,0,0,0,1"
data469.jpg,0,0,1,0,0,"0,0,1,0,0"
data460.jpg,0,0,1,0,0,"0,0,1,0,0"
data204.jpg,0,1,0,0,0,"0,1,0,0,0"
data235.jpg,0,1,0,0,0,"0,1,0,0,0"
data734.jpg,0,0,0,0,1,"0,0,0,0,1"
data24.jpg,1,0,0,0,0,"1,0,0,0,0"
data335.jpg,0,1,0,0,0,"0,1,0,0,0"
data536.jpg,0,0,1,0,0,"0,0,1,0,0"
data444.jpg,0,0,1,0,0,"0,0,1,0,0"
data713.jpg,0,0,0,0,1,"0,0,0,0,1"
data45.jpg,1,0,0,0,0,"1,0,0,0,0"
data528.jpg,0,0,1,0,0,"0,0,1,0,0"
data64.jpg,1,0,0,0,0,"1,0,0,0,0"
data46.jpg,1,0,0,0,0,"1,0,0,0,0"
data17.jpg,1,0,0,0,0,"1,0,0,0,0"
data96.jpg,1,0,0,0,0,"1,0,0,0,0"
data13.jpg,1,0,0,0,0,"1,0,0,0,0"
data474.jpg,0,0,1,0,0,"0,0,1,0,0"
data343.jpg,0,1,0,0,0,"0,1,0,0,0"
data312.jpg,0,1,0,0,0,"0,1,0,0,0"
data470.jpg,0,0,1,0,0,"0,0,1,0,0"
data526.jpg,0,0,1,0,0,"0,0,1,0,0"
data564.jpg,0,0,1,0,0,"0,0,1,0,0"
data501.jpg,0,0,1,0,0,"0,0,1,0,0"
data750.jpg,0,0,0,0,1,"0,0,0,0,1"
data779.jpg,0,0,0,0,1,"0,0,0,0,1"
data378.jpg,0,1,0,0,0,"0,1,0,0,0"
data209.jpg,0,1,0,0,0,"0,1,0,0,0"
data224.jpg,0,1,0,0,0,"0,1,0,0,0"
data768.jpg,0,0,0,0,1,"0,0,0,0,1"
data594.jpg,0,0,1,0,0,"0,0,1,0,0"
data357.jpg,0,1,0,0,0,"0,1,0,0,0"
data361.jpg,0,1,0,0,0,"0,1,0,0,0"
data167.jpg,1,0,0,0,0,"1,0,0,0,0"
data325.jpg,0,1,0,0,0,"0,1,0,0,0"
data345.jpg,0,1,0,0,0,"0,1,0,0,0"
data342.jpg,0,1,0,0,0,"0,1,0,0,0"
data174.jpg,1,0,0,0,0,"1,0,0,0,0"
data440.jpg,0,0,1,0,0,"0,0,1,0,0"
data648.jpg,0,0,0,1,0,"0,0,0,1,0"
data359.jpg,0,1,0,0,0,"0,1,0,0,0"
data47.jpg,1,0,0,0,0,"1,0,0,0,0"
data550.jpg,0,0,1,0,0,"0,0,1,0,0"
data68.jpg,1,0,0,0,0,"1,0,0,0,0"
data510.jpg,0,0,1,0,0,"0,0,1,0,0"
data644.jpg,0,0,0,1,0,"0,0,0,1,0"
data608.jpg,0,0,0,1,0,"0,0,0,1,0"
data338.jpg,0,1,0,0,0,"0,1,0,0,0"
data539.jpg,0,0,1,0,0,"0,0,1,0,0"
data420.jpg,0,0,1,0,0,"0,0,1,0,0"
data621.jpg,0,0,0,1,0,"0,0,0,1,0"
data522.jpg,0,0,1,0,0,"0,0,1,0,0"
data57.jpg,1,0,0,0,0,"1,0,0,0,0"
data259.jpg,0,1,0,0,0,"0,1,0,0,0"
data514.jpg,0,0,1,0,0,"0,0,1,0,0"
data568.jpg,0,0,1,0,0,"0,0,1,0,0"
data192.jpg,1,0,0,0,0,"1,0,0,0,0"
data272.jpg,0,1,0,0,0,"0,1,0,0,0"
data82.jpg,1,0,0,0,0,"1,0,0,0,0"
data662.jpg,0,0,0,1,0,"0,0,0,1,0"
data11.jpg,1,0,0,0,0,"1,0,0,0,0"
data260.jpg,0,1,0,0,0,"0,1,0,0,0"
data377.jpg,0,1,0,0,0,"0,1,0,0,0"
data534.jpg,0,0,1,0,0,"0,0,1,0,0"
data614.jpg,0,0,0,1,0,"0,0,0,1,0"
data717.jpg,0,0,0,0,1,"0,0,0,0,1"
data799.jpg,0,0,0,0,1,"0,0,0,0,1"
data775.jpg,0,0,0,0,1,"0,0,0,0,1"
data178.jpg,1,0,0,0,0,"1,0,0,0,0"
data549.jpg,0,0,1,0,0,"0,0,1,0,0"
data61.jpg,1,0,0,0,0,"1,0,0,0,0"
data229.jpg,0,1,0,0,0,"0,1,0,0,0"
data546.jpg,0,0,1,0,0,"0,0,1,0,0"
data182.jpg,1,0,0,0,0,"1,0,0,0,0"
data650.jpg,0,0,0,1,0,"0,0,0,1,0"
data767.jpg,0,0,0,0,1,"0,0,0,0,1"
data373.jpg,0,1,0,0,0,"0,1,0,0,0"
data89.jpg,1,0,0,0,0,"1,0,0,0,0"
data16.jpg,1,0,0,0,0,"1,0,0,0,0"
data714.jpg,0,0,0,0,1,"0,0,0,0,1"
data9.jpg,1,0,0,0,0,"1,0,0,0,0"
data776.jpg,0,0,0,0,1,"0,0,0,0,1"
data566.jpg,0,0,1,0,0,"0,0,1,0,0"
data230.jpg,0,1,0,0,0,"0,1,0,0,0"
data362.jpg,0,1,0,0,0,"0,1,0,0,0"
data781.jpg,0,0,0,0,1,"0,0,0,0,1"
data418.jpg,0,0,1,0,0,"0,0,1,0,0"
data506.jpg,0,0,1,0,0,"0,0,1,0,0"
data651.jpg,0,0,0,1,0,"0,0,0,1,0"
data454.jpg,0,0,1,0,0,"0,0,1,0,0"
data554.jpg,0,0,1,0,0,"0,0,1,0,0"
data692.jpg,0,0,0,1,0,"0,0,0,1,0"
data488.jpg,0,0,1,0,0,"0,0,1,0,0"
data399.jpg,0,1,0,0,0,"0,1,0,0,0"
data545.jpg,0,0,1,0,0,"0,0,1,0,0"
data116.jpg,1,0,0,0,0,"1,0,0,0,0"
data169.jpg,1,0,0,0,0,"1,0,0,0,0"
data794.jpg,0,0,0,0,1,"0,0,0,0,1"
data193.jpg,1,0,0,0,0,"1,0,0,0,0"
data107.jpg,1,0,0,0,0,"1,0,0,0,0"
data537.jpg,0,0,1,0,0,"0,0,1,0,0"
data711.jpg,0,0,0,0,1,"0,0,0,0,1"
data5.jpg,1,0,0,0,0,"1,0,0,0,0"
data673.jpg,0,0,0,1,0,"0,0,0,1,0"
data707.jpg,0,0,0,0,1,"0,0,0,0,1"
data696.jpg,0,0,0,1,0,"0,0,0,1,0"
data606.jpg,0,0,0,1,0,"0,0,0,1,0"
data290.jpg,0,1,0,0,0,"0,1,0,0,0"
data691.jpg,0,0,0,1,0,"0,0,0,1,0"
data227.jpg,0,1,0,0,0,"0,1,0,0,0"
data348.jpg,0,1,0,0,0,"0,1,0,0,0"
data789.jpg,0,0,0,0,1,"0,0,0,0,1"
data288.jpg,0,1,0,0,0,"0,1,0,0,0"
data109.jpg,1,0,0,0,0,"1,0,0,0,0"
data793.jpg,0,0,0,0,1,"0,0,0,0,1"
data330.jpg,0,1,0,0,0,"0,1,0,0,0"
data226.jpg,0,1,0,0,0,"0,1,0,0,0"
data143.jpg,1,0,0,0,0,"1,0,0,0,0"
data624.jpg,0,0,0,1,0,"0,0,0,1,0"
data114.jpg,1,0,0,0,0,"1,0,0,0,0"
data402.jpg,0,0,1,0,0,"0,0,1,0,0"
data374.jpg,0,1,0,0,0,"0,1,0,0,0"
data155.jpg,1,0,0,0,0,"1,0,0,0,0"
data642.jpg,0,0,0,1,0,"0,0,0,1,0"
data113.jpg,1,0,0,0,0,"1,0,0,0,0"
data255.jpg,0,1,0,0,0,"0,1,0,0,0"
data74.jpg,1,0,0,0,0,"1,0,0,0,0"
data759.jpg,0,0,0,0,1,"0,0,0,0,1"
data574.jpg,0,0,1,0,0,"0,0,1,0,0"
data438.jpg,0,0,1,0,0,"0,0,1,0,0"
data706.jpg,0,0,0,0,1,"0,0,0,0,1"
data351.jpg,0,1,0,0,0,"0,1,0,0,0"
data633.jpg,0,0,0,1,0,"0,0,0,1,0"
data217.jpg,0,1,0,0,0,"0,1,0,0,0"
data202.jpg,0,1,0,0,0,"0,1,0,0,0"
data326.jpg,0,1,0,0,0,"0,1,0,0,0"
data675.jpg,0,0,0,1,0,"0,0,0,1,0"
data656.jpg,0,0,0,1,0,"0,0,0,1,0"
data206.jpg,0,1,0,0,0,"0,1,0,0,0"
data634.jpg,0,0,0,1,0,"0,0,0,1,0"
data344.jpg,0,1,0,0,0,"0,1,0,0,0"
data20.jpg,1,0,0,0,0,"1,0,0,0,0"
data710.jpg,0,0,0,0,1,"0,0,0,0,1"
data160.jpg,1,0,0,0,0,"1,0,0,0,0"
data15.jpg,1,0,0,0,0,"1,0,0,0,0"
data88.jpg,1,0,0,0,0,"1,0,0,0,0"
data85.jpg,1,0,0,0,0,"1,0,0,0,0"
data2.jpg,1,0,0,0,0,"1,0,0,0,0"
data509.jpg,0,0,1,0,0,"0,0,1,0,0"
data78.jpg,1,0,0,0,0,"1,0,0,0,0"
data766.jpg,0,0,0,0,1,"0,0,0,0,1"
data49.jpg,1,0,0,0,0,"1,0,0,0,0"
data473.jpg,0,0,1,0,0,"0,0,1,0,0"
data721.jpg,0,0,0,0,1,"0,0,0,0,1"
data408.jpg,0,0,1,0,0,"0,0,1,0,0"
data623.jpg,0,0,0,1,0,"0,0,0,1,0"
data329.jpg,0,1,0,0,0,"0,1,0,0,0"
data27.jpg,1,0,0,0,0,"1,0,0,0,0"
data622.jpg,0,0,0,1,0,"0,0,0,1,0"
data561.jpg,0,0,1,0,0,"0,0,1,0,0"
data99.jpg,1,0,0,0,0,"1,0,0,0,0"
data280.jpg,0,1,0,0,0,"0,1,0,0,0"
data189.jpg,1,0,0,0,0,"1,0,0,0,0"
data417.jpg,0,0,1,0,0,"0,0,1,0,0"
data569.jpg,0,0,1,0,0,"0,0,1,0,0"
data636.jpg,0,0,0,1,0,"0,0,0,1,0"
data261.jpg,0,1,0,0,0,"0,1,0,0,0"
data722.jpg,0,0,0,0,1,"0,0,0,0,1"
data511.jpg,0,0,1,0,0,"0,0,1,0,0"
data222.jpg,0,1,0,0,0,"0,1,0,0,0"
data496.jpg,0,0,1,0,0,"0,0,1,0,0"
data429.jpg,0,0,1,0,0,"0,0,1,0,0"
data751.jpg,0,0,0,0,1,"0,0,0,0,1"
data216.jpg,0,1,0,0,0,"0,1,0,0,0"
data270.jpg,0,1,0,0,0,"0,1,0,0,0"
data355.jpg,0,1,0,0,0,"0,1,0,0,0"
data631.jpg,0,0,0,1,0,"0,0,0,1,0"
data663.jpg,0,0,0,1,0,"0,0,0,1,0"
data637.jpg,0,0,0,1,0,"0,0,0,1,0"
data603.jpg,0,0,0,1,0,"0,0,0,1,0"
data540.jpg,0,0,1,0,0,"0,0,1,0,0"
data123.jpg,1,0,0,0,0,"1,0,0,0,0"
data476.jpg,0,0,1,0,0,"0,0,1,0,0"
data23.jpg,1,0,0,0,0,"1,0,0,0,0"
data427.jpg,0,0,1,0,0,"0,0,1,0,0"
data87.jpg,1,0,0,0,0,"1,0,0,0,0"
data317.jpg,0,1,0,0,0,"0,1,0,0,0"
data405.jpg,0,0,1,0,0,"0,0,1,0,0"
data450.jpg,0,0,1,0,0,"0,0,1,0,0"
data520.jpg,0,0,1,0,0,"0,0,1,0,0"
data684.jpg,0,0,0,1,0,"0,0,0,1,0"
data334.jpg,0,1,0,0,0,"0,1,0,0,0"
data354.jpg,0,1,0,0,0,"0,1,0,0,0"
data212.jpg,0,1,0,0,0,"0,1,0,0,0"
data29.jpg,1,0,0,0,0,"1,0,0,0,0"
data159.jpg,1,0,0,0,0,"1,0,0,0,0"
data676.jpg,0,0,0,1,0,"0,0,0,1,0"
data365.jpg,0,1,0,0,0,"0,1,0,0,0"
data129.jpg,1,0,0,0,0,"1,0,0,0,0"
data382.jpg,0,1,0,0,0,"0,1,0,0,0"
data445.jpg,0,0,1,0,0,"0,0,1,0,0"
data430.jpg,0,0,1,0,0,"0,0,1,0,0"
data480.jpg,0,0,1,0,0,"0,0,1,0,0"
data645.jpg,0,0,0,1,0,"0,0,0,1,0"
data615.jpg,0,0,0,1,0,"0,0,0,1,0"
data787.jpg,0,0,0,0,1,"0,0,0,0,1"
data683.jpg,0,0,0,1,0,"0,0,0,1,0"
data30.jpg,1,0,0,0,0,"1,0,0,0,0"
data529.jpg,0,0,1,0,0,"0,0,1,0,0"
data414.jpg,0,0,1,0,0,"0,0,1,0,0"
data300.jpg,0,1,0,0,0,"0,1,0,0,0"
data441.jpg,0,0,1,0,0,"0,0,1,0,0"
data551.jpg,0,0,1,0,0,"0,0,1,0,0"
data372.jpg,0,1,0,0,0,"0,1,0,0,0"
data77.jpg,1,0,0,0,0,"1,0,0,0,0"
data487.jpg,0,0,1,0,0,"0,0,1,0,0"
data387.jpg,0,1,0,0,0,"0,1,0,0,0"
data146.jpg,1,0,0,0,0,"1,0,0,0,0"
data416.jpg,0,0,1,0,0,"0,0,1,0,0"
data388.jpg,0,1,0,0,0,"0,1,0,0,0"
data535.jpg,0,0,1,0,0,"0,0,1,0,0"
data318.jpg,0,1,0,0,0,"0,1,0,0,0"
data149.jpg,1,0,0,0,0,"1,0,0,0,0"
data557.jpg,0,0,1,0,0,"0,0,1,0,0"
data758.jpg,0,0,0,0,1,"0,0,0,0,1"
data35.jpg,1,0,0,0,0,"1,0,0,0,0"
data754.jpg,0,0,0,0,1,"0,0,0,0,1"
data196.jpg,1,0,0,0,0,"1,0,0,0,0"
data25.jpg,1,0,0,0,0,"1,0,0,0,0"
data173.jpg,1,0,0,0,0,"1,0,0,0,0"
data712.jpg,0,0,0,0,1,"0,0,0,0,1"
data40.jpg,1,0,0,0,0,"1,0,0,0,0"
data745.jpg,0,0,0,0,1,"0,0,0,0,1"
data94.jpg,1,0,0,0,0,"1,0,0,0,0"
data215.jpg,0,1,0,0,0,"0,1,0,0,0"
data118.jpg,1,0,0,0,0,"1,0,0,0,0"
data41.jpg,1,0,0,0,0,"1,0,0,0,0"
